
{

"data":{
	"ngram 1":45
	,"ngram 2":72
	,"ngram 3":72
	,"ngram 4":70
	,"ngram 5":65

},

"1-grams":{
	"</s>": {"P":-0.723065, "BP":0}
	,"<s>": {"P":-99, "BP":-0.681241}
	,"Bob": {"P":-1.811155, "BP":-0.037789}
	,"Cher": {"P":-1.811155, "BP":-0.037789}
	,"Dick": {"P":-1.811155, "BP":-0.037789}
	,"I": {"P":-1.809970, "BP":-0.037789}
	,"JP": {"P":-1.811155, "BP":-0.037789}
	,"John": {"P":-1.809970, "BP":-0.037789}
	,"Kristin": {"P":-1.811155, "BP":-0.037789}
	,"Mary": {"P":-1.811155, "BP":-0.037789}
	,"Moby": {"P":-1.811155, "BP":-0.037789}
	,"She": {"P":-1.811155, "BP":-0.037789}
	,"a": {"P":-1.811155, "BP":-0.037789}
	,"and": {"P":-1.811155, "BP":-0.037789}
	,"because": {"P":-1.811155, "BP":-0.037789}
	,"before": {"P":-1.811155, "BP":-0.037789}
	,"book": {"P":-1.809970, "BP":-0.037789}
	,"books": {"P":-1.809970, "BP":-0.037789}
	,"bored": {"P":-1.811155, "BP":-0.037789}
	,"boring": {"P":-1.811155, "BP":-0.037789}
	,"by": {"P":-1.192425, "BP":-0.137173}
	,"different": {"P":-1.811155, "BP":-0.037789}
	,"good": {"P":-1.811155, "BP":-0.037789}
	,"had": {"P":-1.811155, "BP":-0.037789}
	,"interesting": {"P":-1.811155, "BP":-0.037789}
	,"it": {"P":-1.811155, "BP":-0.037789}
	,"magazine": {"P":-1.811155, "BP":-0.037789}
	,"me": {"P":-1.811155, "BP":-0.037789}
	,"more": {"P":-1.811155, "BP":-0.037789}
	,"of": {"P":-1.811155, "BP":-0.037789}
	,"on": {"P":-1.811155, "BP":-0.037789}
	,"one": {"P":-1.809970, "BP":-0.037789}
	,"plane": {"P":-1.811155, "BP":-0.037789}
	,"read": {"P":-1.107378, "BP":-0.405765}
	,"really": {"P":-1.809970, "BP":-0.037789}
	,"sort": {"P":-1.811155, "BP":-0.037789}
	,"that": {"P":-1.811155, "BP":-0.037789}
	,"the": {"P":-1.809970, "BP":-0.037789}
	,"three": {"P":-1.811155, "BP":-0.037789}
	,"tome": {"P":-1.811155, "BP":-0.037789}
	,"two": {"P":-1.811155, "BP":-0.037789}
	,"was": {"P":-1.298285, "BP":-0.037789}
	,"way": {"P":-1.811155, "BP":-0.037789}
	,"who": {"P":-1.811155, "BP":-0.037789}
	,"written": {"P":-1.811155, "BP":-0.037789}

},

"2-grams":{
	"<s> Bob": {"P":-2.037606, "BP":-0.049688}
	,"<s> I": {"P":-0.662516, "BP":0}
	,"<s> John": {"P":-2.037190, "BP":-0.049688}
	,"<s> Mary": {"P":-1.163079, "BP":-0.176825}
	,"<s> She": {"P":-0.298244, "BP":-0.367977}
	,"Bob read": {"P":-0.809892, "BP":-0.049688}
	,"Cher </s>": {"P":-0.590452, "BP":0}
	,"Dick </s>": {"P":-0.590452, "BP":0}
	,"I read": {"P":-0.945948, "BP":-0.049688}
	,"I was": {"P":-1.056552, "BP":-0.049688}
	,"JP </s>": {"P":-0.590452, "BP":0}
	,"John </s>": {"P":-0.667349, "BP":0}
	,"John read": {"P":-0.945948, "BP":-0.049688}
	,"Kristin and": {"P":-1.253160, "BP":-0.049688}
	,"Kristin who": {"P":-1.253160, "BP":-0.049688}
	,"Mary read": {"P":-0.809892, "BP":-0.049688}
	,"Moby Dick": {"P":-1.011026, "BP":-0.049688}
	,"She read": {"P":-0.809892, "BP":-0.049688}
	,"a book": {"P":-1.455538, "BP":-0.049688}
	,"a different": {"P":-1.456018, "BP":-0.049688}
	,"a magazine": {"P":-1.456018, "BP":-0.049688}
	,"a tome": {"P":-1.456018, "BP":-0.049688}
	,"and it": {"P":-1.011026, "BP":-0.049688}
	,"because I": {"P":-1.010854, "BP":-0.049688}
	,"before by": {"P":-0.847135, "BP":-0.049688}
	,"book </s>": {"P":-0.667349, "BP":0}
	,"book by": {"P":-0.997739, "BP":-0.049688}
	,"books </s>": {"P":-0.667349, "BP":0}
	,"books by": {"P":-0.997739, "BP":-0.049688}
	,"bored </s>": {"P":-0.590452, "BP":0}
	,"boring </s>": {"P":-0.590452, "BP":0}
	,"by Cher": {"P":-1.663938, "BP":-0.049688}
	,"by JP": {"P":-1.663938, "BP":-0.049688}
	,"by John": {"P":-1.663322, "BP":-0.049688}
	,"by Kristin": {"P":-0.900158, "BP":-0.049688}
	,"by me": {"P":-0.900158, "BP":-0.176825}
	,"by the": {"P":-1.663322, "BP":-0.049688}
	,"different book": {"P":-1.252859, "BP":-0.049688}
	,"different one": {"P":-1.252859, "BP":-0.049688}
	,"good </s>": {"P":-0.590452, "BP":0}
	,"had written": {"P":-1.011026, "BP":-0.049688}
	,"interesting </s>": {"P":-0.590452, "BP":0}
	,"it was": {"P":-0.887874, "BP":-0.049688}
	,"magazine by": {"P":-0.997739, "BP":-0.049688}
	,"magazine on": {"P":-1.253160, "BP":-0.049688}
	,"me </s>": {"P":-0.590452, "BP":0}
	,"more interesting": {"P":-1.011026, "BP":-0.049688}
	,"of boring": {"P":-1.011026, "BP":-0.049688}
	,"on the": {"P":-1.010854, "BP":-0.049688}
	,"one before": {"P":-1.253160, "BP":-0.049688}
	,"one that": {"P":-1.253160, "BP":-0.049688}
	,"plane because": {"P":-1.011026, "BP":-0.049688}
	,"read Moby": {"P":-1.745374, "BP":-0.049688}
	,"read a": {"P":-0.238450, "BP":-0.130187}
	,"read three": {"P":-1.745374, "BP":-0.049688}
	,"read two": {"P":-1.745374, "BP":-0.049688}
	,"really good": {"P":-1.253160, "BP":-0.049688}
	,"really really": {"P":-1.252859, "BP":-0.049688}
	,"sort of": {"P":-1.011026, "BP":-0.049688}
	,"that was": {"P":-0.887874, "BP":-0.049688}
	,"the plane": {"P":-1.253160, "BP":-0.049688}
	,"the way": {"P":-1.253160, "BP":-0.049688}
	,"three books": {"P":-1.010854, "BP":-0.049688}
	,"tome </s>": {"P":-0.590452, "BP":0}
	,"two books": {"P":-1.010854, "BP":-0.049688}
	,"was bored": {"P":-1.456018, "BP":-0.049688}
	,"was more": {"P":-1.456018, "BP":-0.049688}
	,"was really": {"P":-1.455538, "BP":-0.049688}
	,"was sort": {"P":-1.456018, "BP":-0.049688}
	,"way </s>": {"P":-0.590452, "BP":0}
	,"who had": {"P":-1.011026, "BP":-0.049688}
	,"written one": {"P":-1.010854, "BP":-0.049688}

},

"3-grams":{
	"<s> Bob read": {"P":-0.608571, "BP":-0.051153}
	,"<s> I read": {"P":-0.945948, "BP":-99}
	,"<s> John read": {"P":-0.679609, "BP":-0.051153}
	,"<s> Mary read": {"P":-0.358957, "BP":-0.176091}
	,"<s> She read": {"P":-0.195300, "BP":-0.498311}
	,"Bob read a": {"P":-0.205391, "BP":-0.051153}
	,"I read a": {"P":-0.205391, "BP":-0.051153}
	,"I was bored": {"P":-0.855992, "BP":-0.051153}
	,"John read Moby": {"P":-0.906094, "BP":-0.051153}
	,"Kristin and it": {"P":-0.709829, "BP":-0.051153}
	,"Kristin who had": {"P":-0.709829, "BP":-0.051153}
	,"Mary read a": {"P":-0.205391, "BP":-0.051153}
	,"Moby Dick </s>": {"P":-0.472214, "BP":0}
	,"She read a": {"P":-0.258769, "BP":-0.051153}
	,"She read three": {"P":-1.283444, "BP":-0.051153}
	,"She read two": {"P":-1.283444, "BP":-0.051153}
	,"a book by": {"P":-0.703855, "BP":-0.051153}
	,"a different book": {"P":-0.983469, "BP":-0.051153}
	,"a different one": {"P":-0.983469, "BP":-0.051153}
	,"a magazine by": {"P":-0.842516, "BP":-0.051153}
	,"a magazine on": {"P":-0.983614, "BP":-0.051153}
	,"a tome </s>": {"P":-0.472214, "BP":0}
	,"and it was": {"P":-0.650587, "BP":-0.051153}
	,"because I was": {"P":-0.729536, "BP":-0.051153}
	,"before by the": {"P":-0.894586, "BP":-0.051153}
	,"book by JP": {"P":-1.333825, "BP":-0.051153}
	,"book by John": {"P":-1.333568, "BP":-0.051153}
	,"book by Kristin": {"P":-0.856146, "BP":-0.051153}
	,"book by me": {"P":-0.856146, "BP":-0.051153}
	,"books by Cher": {"P":-1.134361, "BP":-0.051153}
	,"books by me": {"P":-0.779119, "BP":-0.051153}
	,"by Cher </s>": {"P":-0.472214, "BP":0}
	,"by JP </s>": {"P":-0.472214, "BP":0}
	,"by John </s>": {"P":-0.522938, "BP":0}
	,"by Kristin and": {"P":-0.983614, "BP":-0.051153}
	,"by Kristin who": {"P":-0.983614, "BP":-0.051153}
	,"by me </s>": {"P":-0.296406, "BP":0}
	,"by the way": {"P":-0.801620, "BP":-0.051153}
	,"different book </s>": {"P":-0.522938, "BP":0}
	,"different one that": {"P":-0.801620, "BP":-0.051153}
	,"had written one": {"P":-0.709752, "BP":-0.051153}
	,"it was really": {"P":-0.855885, "BP":-0.051153}
	,"magazine by Kristin": {"P":-0.656887, "BP":-0.051153}
	,"magazine on the": {"P":-0.709752, "BP":-0.051153}
	,"more interesting </s>": {"P":-0.472214, "BP":0}
	,"of boring </s>": {"P":-0.472214, "BP":0}
	,"on the plane": {"P":-0.801620, "BP":-0.051153}
	,"one before by": {"P":-0.629071, "BP":-0.051153}
	,"one that was": {"P":-0.650587, "BP":-0.051153}
	,"plane because I": {"P":-0.709752, "BP":-0.051153}
	,"read Moby Dick": {"P":-0.709829, "BP":-0.051153}
	,"read a book": {"P":-0.861872, "BP":-0.176091}
	,"read a different": {"P":-0.861963, "BP":-0.130334}
	,"read a magazine": {"P":-1.357065, "BP":-0.051153}
	,"read a tome": {"P":-1.357065,